{
 "templeR0013": [
  [
   1.0,
   0.0,
   0.0,
   0.0
  ],
  [
   0.0,
   1.0,
   0.0,
   0.0
  ],
  [
   0.0,
   0.0,
   1.0,
   0.0
  ]
 ],
 "templeR0042": [
  [
   -0.9998748539477729,
   -0.010756951121553735,
   0.011600191614291712,
   0.047143371554528156
  ],
  [
   0.011619946623622491,
   -0.9969562636150971,
   0.07709205717250735,
   -0.9975483593585772
  ],
  [
   0.010735608198138761,
   0.07721720301327602,
   0.9969564936723287,
   0.05171821013417438
  ]
 ],
 "templeR0044": [
  [
   -0.9986614021794848,
   -0.05151878839622285,
   0.0046063259861264605,
   0.11415873773679017
  ],
  [
   0.04872143650412699,
   -0.9070442581575348,
   0.41820680932813825,
   -4.452710940434104
  ],
  [
   -0.017367366578718017,
   0.4178714254236974,
   0.9083401600680707,
   0.8773727940661566
  ]
 ],
 "templeR0032": [
  [
   -0.9234667742461848,
   -0.3064429681447143,
   -0.23087187818788946,
   2.387174821242694
  ],
  [
   0.07927581306316671,
   -0.7411452851229517,
   0.666647591912843,
   -7.008511355202854
  ],
  [
   -0.3753990707587326,
   0.5973243454059747,
   0.7087165611574233,
   2.1644998053561637
  ]
 ],
 "templeR0034": [
  [
   -0.9199627668586654,
   -0.34957164201728674,
   -0.17739271318486244,
   1.8235524966861956
  ],
  [
   0.09385320289141583,
   -0.635778008237932,
   0.7661448300080286,
   -8.046744963444354
  ],
  [
   -0.38060489211355614,
   0.6881758433266502,
   0.617700513809793,
   3.1571318404520987
  ]
 ],
 "templeR0036": [
  [
   -0.9477075581826987,
   -0.31085367022433563,
   -0.07225219630881002,
   0.7883927841871874
  ],
  [
   0.10624089845766291,
   -0.5207813085171984,
   0.8470535403349799,
   -8.92937941769941
  ],
  [
   -0.30093729522658935,
   0.7950829041094865,
   0.5265737554555207,
   4.410880019390796
  ]
 ],
 "templeR0038": [
  [
   -0.9554909282624029,
   -0.29463409651161204,
   0.015094210182639622,
   -0.09595870387522451
  ],
  [
   0.10143365301801927,
   -0.28004155486785554,
   0.954614027543391,
   -10.013630697698817
  ],
  [
   -0.2770348354335095,
   0.9136561041879927,
   0.2974629779255705,
   6.896144527163303
  ]
 ],
 "templeR0015": [
  [
   0.9992741867701126,
   -0.037304777636685424,
   -0.007710591443433908,
   0.07611967875055979
  ],
  [
   0.03780997967664976,
   0.9466698928481538,
   0.31997893588753035,
   -3.263889295832121
  ],
  [
   -0.0046373582761560775,
   -0.32003822824834904,
   0.9473932801998736,
   0.4754570361951259
  ]
 ],
 "templeR0017": [
  [
   0.9966760458206083,
   -0.07590528095387057,
   -0.02958459076462974,
   0.29169998680122194
  ],
  [
   0.07894234202071419,
   0.8101526402547627,
   0.5808793386965331,
   -5.944727186578236
  ],
  [
   -0.020123775085237428,
   -0.5812839992736348,
   0.8134518706504816,
   1.8090049246542024
  ]
 ],
 "templeR0019": [
  [
   0.9886922586449804,
   -0.1489871368627648,
   -0.017042615554044155,
   0.1842414596512398
  ],
  [
   0.10700034968001673,
   0.6212680335490509,
   0.7762583047275241,
   -7.96614772092143
  ],
  [
   -0.1050644700355039,
   -0.7693041424167241,
   0.6301845710556769,
   3.6033104388412
  ]
 ],
 "templeR0021": [
  [
   0.9869829987976366,
   -0.14005637822435738,
   -0.0790491682631782,
   0.8001390730452314
  ],
  [
   0.1276796679503465,
   0.38351819966509637,
   0.9146647981188151,
   -9.40809446319151
  ],
  [
   -0.09778784421651684,
   -0.9128515768975366,
   0.39640829466494165,
   6.005943958691536
  ]
 ]
}