{
 "templeR0013": [
  [
   1.0,
   0.0,
   0.0,
   0.0
  ],
  [
   0.0,
   1.0,
   0.0,
   0.0
  ],
  [
   0.0,
   0.0,
   1.0,
   0.0
  ]
 ],
 "templeR0042": [
  [
   -0.9998748539477728,
   -0.010756951121558458,
   0.011600191614291069,
   0.047143371554528156
  ],
  [
   0.011619946623627204,
   -0.9969562636150968,
   0.07709205717251111,
   -0.9975483593585772
  ],
  [
   0.01073560819813775,
   0.07721720301327982,
   0.9969564936723277,
   0.05171821013417438
  ]
 ],
 "templeR0044": [
  [
   -0.9986614021794848,
   -0.0515187883962225,
   0.004606325986127985,
   0.11415873773679017
  ],
  [
   0.04872143650412732,
   -0.9070442581575349,
   0.4182068093281381,
   -4.452710940434104
  ],
  [
   -0.017367366578716487,
   0.4178714254236973,
   0.9083401600680703,
   0.8773727940661566
  ]
 ],
 "templeR0032": [
  [
   -0.9234667742461852,
   -0.3064429681447143,
   -0.23087187818788785,
   2.387174821242694
  ],
  [
   0.07927581306316747,
   -0.7411452851229511,
   0.6666475919128435,
   -7.008511355202854
  ],
  [
   -0.3753990707587314,
   0.5973243454059755,
   0.7087165611574228,
   2.1644998053561637
  ]
 ],
 "templeR0034": [
  [
   -0.9199627668586652,
   -0.3495716420172871,
   -0.1773927131848631,
   1.8235524966861956
  ],
  [
   0.09385320289141552,
   -0.6357780082379321,
   0.7661448300080286,
   -8.046744963444354
  ],
  [
   -0.3806048921135568,
   0.6881758433266499,
   0.617700513809793,
   3.1571318404520987
  ]
 ],
 "templeR0036": [
  [
   -0.9477075581826988,
   -0.3108536702243352,
   -0.07225219630881093,
   0.7883927841871874
  ],
  [
   0.1062408984576619,
   -0.5207813085171986,
   0.8470535403349799,
   -8.92937941769941
  ],
  [
   -0.30093729522658946,
   0.7950829041094865,
   0.5265737554555204,
   4.410880019390796
  ]
 ],
 "templeR0038": [
  [
   -0.955490928262403,
   -0.29463409651161176,
   0.015094210182639373,
   -0.09595870387522451
  ],
  [
   0.10143365301801889,
   -0.2800415548678554,
   0.9546140275433912,
   -10.013630697698817
  ],
  [
   -0.27703483543350926,
   0.9136561041879929,
   0.2974629779255704,
   6.896144527163303
  ]
 ],
 "templeR0015": [
  [
   0.9992741867701126,
   -0.037304777636685445,
   -0.0077105914434339095,
   0.07611967875055979
  ],
  [
   0.03780997967664978,
   0.9466698928481538,
   0.31997893588753057,
   -3.263889295832121
  ],
  [
   -0.004637358276156076,
   -0.32003822824834927,
   0.9473932801998736,
   0.4754570361951259
  ]
 ],
 "templeR0017": [
  [
   0.9966760458206083,
   -0.07590528095387057,
   -0.02958459076462974,
   0.29169998680122194
  ],
  [
   0.07894234202071419,
   0.8101526402547627,
   0.5808793386965331,
   -5.944727186578236
  ],
  [
   -0.020123775085237428,
   -0.5812839992736348,
   0.8134518706504816,
   1.8090049246542024
  ]
 ],
 "templeR0019": [
  [
   0.9886922586449804,
   -0.14898713686276482,
   -0.017042615554044196,
   0.1842414596512398
  ],
  [
   0.10700034968001675,
   0.6212680335490507,
   0.7762583047275242,
   -7.96614772092143
  ],
  [
   -0.10506447003550395,
   -0.7693041424167242,
   0.6301845710556767,
   3.6033104388412
  ]
 ],
 "templeR0021": [
  [
   0.9869829987976364,
   -0.1400563782243573,
   -0.07904916826317815,
   0.8001390730452314
  ],
  [
   0.12767966795034646,
   0.3835181996650966,
   0.9146647981188148,
   -9.40809446319151
  ],
  [
   -0.09778784421651676,
   -0.9128515768975364,
   0.3964082946649419,
   6.005943958691536
  ]
 ]
}