{
 "templeR0032": [
  [
   1.0,
   0.0,
   0.0,
   0.0
  ],
  [
   0.0,
   1.0,
   0.0,
   0.0
  ],
  [
   0.0,
   0.0,
   1.0,
   0.0
  ]
 ],
 "templeR0047": [
  [
   0.9999595522983908,
   -0.008229416630065767,
   -0.003629114097183291,
   0.03115173413326792
  ],
  [
   0.0077667633785400425,
   0.9935666700213449,
   -0.11298207649586703,
   0.9974950524941643
  ],
  [
   0.004535543387880467,
   0.1129493201600843,
   0.993590398464856,
   0.06350739886151043
  ]
 ],
 "templeR0033": [
  [
   0.9998374535879802,
   0.008288905609781145,
   -0.016011259990885474,
   0.13764762182682483
  ],
  [
   -0.0067295446599406105,
   0.9954448192321733,
   0.09510165662329782,
   -0.8546287051448446
  ],
  [
   0.01672661446239065,
   -0.09497844970106599,
   0.9953387938089265,
   -0.021547450675366033
  ]
 ],
 "templeR0034": [
  [
   0.9995651609137153,
   0.024211378591418205,
   -0.01683146559992313,
   0.14580109993172616
  ],
  [
   -0.02025408085366675,
   0.9785870144021209,
   0.2048346344061867,
   -1.8551279601731538
  ],
  [
   0.02143038255168371,
   -0.2044046584357755,
   0.9786518657384976,
   0.13326194093354157
  ]
 ],
 "templeR0035": [
  [
   0.9988870668669202,
   0.04310605115298107,
   -0.019144085248385234,
   0.1662527646771725
  ],
  [
   -0.034683548027422205,
   0.946370953299012,
   0.3212149906964941,
   -2.9128556679837003
  ],
  [
   0.0319637160266193,
   -0.3201935150903526,
   0.9468127765043381,
   0.40152955102522253
  ]
 ],
 "templeR0036": [
  [
   0.9983659135999209,
   0.05685717783580381,
   -0.005723975047382869,
   0.04899283039575079
  ],
  [
   -0.04870408629410293,
   0.8990168017623926,
   0.43519731401649914,
   -3.9499397305044854
  ],
  [
   0.029890040817166133,
   -0.43420738302966083,
   0.9003169075289442,
   0.8297050901890277
  ]
 ],
 "templeR0046": [
  [
   0.9996042322787614,
   -0.02079190454875576,
   0.01894928799779872,
   -0.1695388331855459
  ],
  [
   0.025919808311143665,
   0.9425217413593819,
   -0.3331380053401169,
   2.9530705581011363
  ],
  [
   -0.010933542312611084,
   0.333497321983421,
   0.9426876438579137,
   0.4910195170505802
  ]
 ],
 "templeR0045": [
  [
   0.9988195621757279,
   -0.04845552653208332,
   -0.003397670317427404,
   0.026498265546832222
  ],
  [
   0.04118876261793315,
   0.8819524048577335,
   -0.4695353462729553,
   4.180621059050236
  ],
  [
   0.025748165936448957,
   0.4688411431542235,
   0.8829071380596886,
   1.0242681548564307
  ]
 ],
 "templeR0044": [
  [
   0.998055369893625,
   -0.06205830117867997,
   0.00585199806184006,
   -0.05667327191773852
  ],
  [
   0.05342894761756874,
   0.8033437122902645,
   -0.5931140088382468,
   5.29394720772451
  ],
  [
   0.03210648194646414,
   0.5922732875780513,
   0.8050972156444887,
   1.7118560836208458
  ]
 ],
 "templeR0037": [
  [
   0.9975160502345939,
   0.07036516475413807,
   0.0032362190127235776,
   -0.03042251862427528
  ],
  [
   -0.06046932207645348,
   0.8318568150040532,
   0.55168623366813,
   -5.005938682839851
  ],
  [
   0.03612742188406809,
   -0.5505115647472226,
   0.8340454582740531,
   1.403478746626522
  ]
 ],
 "templeR0038": [
  [
   0.9963397216076433,
   0.08454274676568704,
   0.012636578497236754,
   -0.11478224704258409
  ],
  [
   -0.07212652735121669,
   0.7520974845441428,
   0.6550932283229822,
   -5.946430908005831
  ],
  [
   0.045879442009009924,
   -0.6536068372589792,
   0.7554423731094624,
   2.1098121606915314
  ]
 ],
 "templeR0043": [
  [
   0.9969805387910132,
   -0.07683726460963157,
   0.011217844681157153,
   -0.10697954292369392
  ],
  [
   0.06290367709980606,
   0.7144525665094851,
   -0.6968505274557328,
   6.230970884117285
  ],
  [
   0.04552947044831998,
   0.6954520579991976,
   0.7171286511814853,
   2.529247490399723
  ]
 ],
 "templeR0039": [
  [
   0.995194285851998,
   0.09443413303815013,
   0.02589455396149072,
   -0.23209375606221713
  ],
  [
   -0.08191501029226483,
   0.6580047790440059,
   0.7485450165782063,
   -6.796882693113602
  ],
  [
   0.053649459422716844,
   -0.7470688758558891,
   0.6625781691476624,
   2.9422462669692804
  ]
 ],
 "templeR0042": [
  [
   0.9960766814278499,
   -0.08556176417279185,
   0.02259268083519763,
   -0.20936933107453962
  ],
  [
   0.07032274280704526,
   0.6103279981852681,
   -0.7890211952002669,
   7.0625911358389395
  ],
  [
   0.053721099763274764,
   0.7875143929750129,
   0.6139504249509249,
   3.46851960077932
  ]
 ],
 "templeR0013": [
  [
   -0.9941273595384916,
   0.1068637745737327,
   -0.017056573538697536,
   0.3104414385639491
  ],
  [
   -0.07486472181851223,
   -0.5653349412278337,
   0.8214570455318757,
   -7.543127903243489
  ],
  [
   0.0781413235366751,
   0.8179098592820457,
   0.5700152591336124,
   3.850097777984191
  ]
 ],
 "templeR0014": [
  [
   -0.9925703023996888,
   0.11806099823261815,
   -0.02942440297623658,
   0.4215342183886186
  ],
  [
   -0.07950539432010423,
   -0.4462689047336569,
   0.8913601724004876,
   -8.17212024993705
  ],
  [
   0.09210367564975334,
   0.88707703462785,
   0.45233974794137277,
   4.917474745970536
  ]
 ],
 "templeR0015": [
  [
   -0.9910842341661165,
   0.1255067693267149,
   -0.044722384110568426,
   0.5607417179094327
  ],
  [
   -0.08307876953461303,
   -0.31971309892340394,
   0.943865166445615,
   -8.643555046267693
  ],
  [
   0.1041631357053785,
   0.9391653662853867,
   0.327289559763306,
   6.048286461268671
  ]
 ],
 "templeR0016": [
  [
   -0.9897138584111068,
   0.12885268707485004,
   -0.06215676554157643,
   0.7178835670761362
  ],
  [
   -0.08576397743056652,
   -0.18665103294475038,
   0.9786756010425248,
   -8.954755278709065
  ],
  [
   0.11450335647608328,
   0.973939616677671,
   0.19578203293832308,
   7.239696858281034
  ]
 ],
 "templeR0017": [
  [
   -0.988634880301353,
   0.12694282742519217,
   -0.08053938177579542,
   0.8821639944772309
  ],
  [
   -0.08701687797787311,
   -0.04632667569388804,
   0.9951290881419038,
   -9.098215181950227
  ],
  [
   0.12259337828167305,
   0.9908276124959633,
   0.05684633600361033,
   8.50164979030119
  ]
 ],
 "templeR0018": [
  [
   -0.9841294409527414,
   0.1450993441746364,
   -0.10215392195180345,
   1.0824873405263984
  ],
  [
   -0.08489036472936533,
   0.12056677197508847,
   0.9890688952098442,
   -9.025517336293328
  ],
  [
   0.1558296166528047,
   0.9820437025996333,
   -0.10633577365234437,
   9.966183999486846
  ]
 ],
 "templeR0019": [
  [
   -0.9800259322249141,
   0.15320274743480378,
   -0.12679940987684427,
   1.3116608441098911
  ],
  [
   -0.07949825849255716,
   0.282636237599019,
   0.9559271855599261,
   -8.708485301236333
  ],
  [
   0.1822887793127673,
   0.946913763430598,
   -0.26481149061617903,
   11.387504750038477
  ]
 ],
 "templeR0020": [
  [
   -0.9793448507509405,
   0.14218977647900505,
   -0.14375580256973575,
   1.4632251188808245
  ],
  [
   -0.07413498402738605,
   0.40894757789715497,
   0.9095415783103651,
   -8.287023063608546
  ],
  [
   0.18811610098786724,
   0.9014121953894907,
   -0.3899594678325189,
   12.531886510151391
  ]
 ],
 "templeR0021": [
  [
   -0.9776859649340559,
   0.13318786414078967,
   -0.1624535220196183,
   1.6320771496351034
  ],
  [
   -0.06719527492241731,
   0.5344203071897505,
   0.8425436073529452,
   -7.67612034934689
  ],
  [
   0.19903504465059615,
   0.8346591688281079,
   -0.5135456385678956,
   13.640008799095085
  ]
 ],
 "templeR0022": [
  [
   -0.9766395973322279,
   0.1197514648147581,
   -0.1784227664774412,
   1.7745500290286147
  ],
  [
   -0.061525471370045076,
   0.6397255206466912,
   0.7661369816201371,
   -6.984889683425751
  ],
  [
   0.2058876229777728,
   0.7592172580414913,
   -0.6174135095675526,
   14.580983411754517
  ]
 ],